-10.,0.0011763933079826372
-9.99,0.017088859516138075
-9.98,0.03300574457090427
-9.97,0.04890177081816414
-9.96,0.06475164569874185
-9.95,0.08053010177308927
-9.94,0.0962119323964952
-9.93,0.11177203621066632
-9.92,0.1271854556406597
-9.91,0.1424274181226674
-9.9,0.157473371467095
-9.89,0.1722990274770047
-9.88,0.1868803995061968
-9.87,0.20119384105265137
-9.86,0.215216083888359
-9.85,0.22892427690855222
-9.84,0.24229601814116922
-9.83,0.2553093998607905
-9.82,0.26794303444989576
-9.81,0.2801760988415142
-9.8,0.29198835937255524
-9.79,0.30336021292003856
-9.78,0.3142727146822172
-9.77,0.32470761062657977
-9.76,0.33464736776914766
-9.75,0.3440752025482614
-9.74,0.3529751122392836
-9.73,0.361331896030308
-9.72,0.36913118574065323
-9.71,0.3763594697046613
-9.7,0.38300411197420425
-9.69,0.38905337819063435
-9.68,0.39449645496115554
-9.67,0.39932346775843497
-9.66,0.40352549872055216
-9.65,0.40709460377708195
-9.64,0.41002382575906765
-9.63,0.4123072085679242
-9.62,0.4139398076739961
-9.61,0.41491770066810135
-9.6,0.41523799511326953
-9.59,0.4148988352954663
-9.58,0.41389940751216187
-9.57,0.4122399428199687
-9.56,0.40992171953315726
-9.55,0.4069470628370435
-9.54,0.4033193433214782
-9.53,0.3990429737554738
-9.52,0.39412340367932763
-9.51,0.3885671149292711
-9.5,0.3823816098280069
-9.49,0.37557540583666926
-9.48,0.3681580192052578
-9.47,0.3601399573226013
-9.46,0.3515326982616481
-9.45,0.3423486808666226
-9.44,0.33260128127606997
-9.43,0.3223047969709477
-9.42,0.3114744252108044
-9.41,0.30012624081841555
-9.4,0.2882771736915301
-9.39,0.2759449803668875
-9.38,0.26314822215746053
-9.37,0.24990623270545292
-9.36,0.23623909254124525
-9.35,0.22216759767865105
-9.34,0.2077132309556192
-9.33,0.19289811982024907
-9.32,0.17774501782723862
-9.31,0.16227725306847052
-9.3,0.14651870966399952
-9.29,0.13049377508962923
-9.28,0.11422731441828193
-9.27,0.09774462446742738
-9.26,0.08107140080052526
-9.25,0.06423369328259632
-9.24,0.04725786712838783
-9.23,0.03017056184620142
-9.22,0.012998648053955203
-9.21,-0.00423080811001586
-9.2,-0.02149059866467947
-9.19,-0.03875340364296885
-9.18,-0.05599184697178958
-9.17,-0.07317852677388771
-9.16,-0.09028606992557314
-9.15,-0.10728717054483206
-9.14,-0.1241546286272445
-9.13,-0.14086140123772872
-9.12,-0.15738064545164515
-9.11,-0.1736857520224298
-9.1,-0.18975039872032423
-9.09,-0.205548584976149
-9.08,-0.22105468102585787
-9.07,-0.23624345771376748
-9.06,-0.2510901415260564
-9.05,-0.2655704447024573
-9.04,-0.27966060629490463
-9.03,-0.2933374347509655
-9.02,-0.3065783406370601
-9.01,-0.31936137749323745
-9.,-0.3316652765901184
-8.99,-0.3434694830451126
-8.98,-0.35475418660768193
-8.97,-0.365500357903175
-8.96,-0.3756897799308749
-8.95,-0.38530507499569855
-8.94,-0.39432973947025574
-8.93,-0.402748168756895
-8.92,-0.4105456819013204
-8.91,-0.4177085518597961
-8.9,-0.4242240237546509
-8.89,-0.4300803416691441
-8.88,-0.43526676680975623
-8.87,-0.43977359733205845
-8.86,-0.44359218563552805
-8.85,-0.4467149552761405
-8.84,-0.44913541416093555
-8.83,-0.45084816748606554
-8.82,-0.4518489290142388
-8.81,-0.4521345297483264
-8.8,-0.4517029257012935
-8.79,-0.45055320353117245
-8.78,-0.4486855841099669
-8.77,-0.4461014252799231
-8.76,-0.44280322168832137
-8.75,-0.43879460299543505
-8.74,-0.4340803318543269
-8.73,-0.42866629776356224
-8.72,-0.42255951055395036
-8.71,-0.4157680917708352
-8.7,-0.40830126428411573
-8.69,-0.40016933930433246
-8.68,-0.3913837057660694
-8.67,-0.38195680988270153
-8.66,-0.37190214097656515
-8.65,-0.3612342116987131
-8.64,-0.3499685384858172
-8.63,-0.3381216148480474
-8.62,-0.32571089526338237
-8.61,-0.31275476312086725
-8.6,-0.29927250324718774
-8.59,-0.2852842825431519
-8.58,-0.2708111057406536
-8.57,-0.2558748001780795
-8.56,-0.24049796804240253
-8.55,-0.22470396209123816
-8.54,-0.20851684927798966
-8.53,-0.1919613713312726
-8.52,-0.1750629086487576
-8.51,-0.15784744165526177
-8.5,-0.14034150946360918
-8.49,-0.1225721758735827
-8.48,-0.10456697618290954
-8.47,-0.08635388819271558
-8.46,-0.0679612754628359
-8.45,-0.0494178571228213
-8.44,-0.030752651262172047
-8.43,-0.011994936717320222
-8.42,0.00682579251647096
-8.41,0.025679880401302674
-8.4,0.0445375411979603
-8.39,0.06336892556866269
-8.38,0.08214414815914434
-8.37,0.10083334702843716
-8.36,0.11940672901306362
-8.35,0.137834611707223
-8.34,0.15608747577434579
-8.33,0.1741360118095221
-8.32,0.19195116203643342
-8.31,0.20950417020017187
-8.3,0.2267666339552177
-8.29,0.2437105344181521
-8.28,0.26030829732871597
-8.27,0.2765328295292988
-8.26,0.29235756299353
-8.25,0.3077565037052475
-8.24,0.32270426394093643
-8.23,0.33717611367981226
-8.22,0.3511480154486789
-8.21,0.36459666526949724
-8.2,0.37749952883572824
-8.19,0.38983488697658053
-8.18,0.4015818591120852
-8.17,0.41272045146214853
-8.16,0.42323157798521077
-8.15,0.43309710370000504
-8.14,0.44229986692327117
-8.13,0.45082371559794354
-8.12,0.4586535299232747
-8.11,0.46577524926499325
-8.1,0.4721759000484778
-8.09,0.4778436159651099
-8.08,0.4827676596232213
-8.07,0.48693844368033307
-8.06,0.49034754599661495
-8.05,0.49298772817704295
-8.04,0.4948529482772898
-8.03,0.49593837391160606
-8.02,0.4962403921901387
-8.01,0.4957566186641002
-8.,0.49448590393380637
-7.99,0.492428338018767
-7.98,0.4895852542296523
-7.97,0.4859592280863775
-7.96,0.4815540782944817
-7.95,0.47637486246530647
-7.94,0.47042787238657113
-7.93,0.46372062705343775
-7.92,0.45626186375315164
-7.91,0.4480615272127724
-7.9,0.4391307577442361
-7.89,0.4294818739251796
-7.88,0.4191283595734587
-7.87,0.4080848414876822
-7.86,0.3963670720583345
-7.85,0.3839919074767596
-7.84,0.37097728154922255
-7.83,0.35734218110535354
-7.82,0.3431066172376547
-7.81,0.3282916018188078
-7.8,0.312919107076278
-7.79,0.2970120431879092
-7.78,0.2805942204094807
-7.77,0.26369030883888767
-7.76,0.24632581278258503
-7.75,0.22852702142143505
-7.74,0.21032097751425954
-7.73,0.19173542988176978
-7.72,0.17279879656324737
-7.71,0.15354012371074213
-7.7,0.13398902861780068
-7.69,0.11417567462753557
-7.68,0.09413070471423926
-7.67,0.07388520929847098
-7.66,0.05347067286678883
-7.65,0.03291891956213183
-7.64,0.012262075471886721
-7.63,-0.008467486919300618
-7.62,-0.0292372049171494
-7.61,-0.0500143627794265
-7.6,-0.0707661544916526
-7.59,-0.09145973319189421
-7.58,-0.11206225885989171
-7.57,-0.13254094815521647
-7.56,-0.15286313758209125
-7.55,-0.1729963236529216
-7.54,-0.19290821461147478
-7.53,-0.21256679285070965
-7.52,-0.2319403512141731
-7.51,-0.250997556436195
-7.5,-0.2697074920490262
-7.49,-0.28803970988378336
-7.48,-0.30596427912829743
-7.47,-0.3234518331169297
-7.46,-0.3404736202243841
-7.45,-0.3570015503964506
-7.44,-0.37300823786584575
-7.43,-0.388467044865865
-7.42,-0.40335213387194546
-7.41,-0.41763849903807493
-7.4,-0.43130201837551924
-7.39,-0.44431948474825456
-7.38,-0.45666864882520103
-7.37,-0.46832825850616483
-7.36,-0.4792780913924972
-7.35,-0.48949898953260446
-7.34,-0.49897289497609726
-7.33,-0.5076828773757385
-7.32,-0.5156131661375323
-7.31,-0.5227491778026558
-7.3,-0.5290775401567728
-7.29,-0.5345861179432277
-7.28,-0.5392640361088152
-7.27,-0.5431016971863755
-7.26,-0.5460908026247848
-7.25,-0.5482243668516905
-7.24,-0.5494967333066383
-7.23,-0.5499035860273235
-7.22,-0.5494419599561058
-7.21,-0.5481102489703304
-7.2,-0.5459082123886881
-7.19,-0.5428369789143597
-7.18,-0.5388990469858681
-7.17,-0.5340982865741795
-7.16,-0.5284399353314974
-7.15,-0.5219305949769764
-7.14,-0.5145782225025407
-7.13,-0.506392123944211
-7.12,-0.4973829402845229
-7.11,-0.4875626375898169
-7.1,-0.47694448916615323
-7.09,-0.465543057798279
-7.08,-0.45337418088829906
-7.07,-0.440454940869199
-7.06,-0.42680365129676945
-7.05,-0.4124398226429205
-7.04,-0.3973841413691954
-7.03,-0.3816584349798445
-7.02,-0.3652856466666856
-7.01,-0.3482897961774051
-7.,-0.330695951339745
-6.99,-0.31253018673969246
-6.98,-0.2938195470687706
-6.97,-0.27459200729788547
-6.96,-0.25487643319641573
-6.95,-0.23470253281039782
-6.94,-0.21410081769179434
-6.93,-0.1931025574017519
-6.92,-0.17173972653795255
-6.91,-0.15004496655699498
-6.9,-0.12805152212084153
-6.89,-0.10579320494639975
-6.88,-0.08330433625114067
-6.87,-0.060619687871516795
-6.86,-0.03777444388606521
-6.85,-0.014804133811760323
-6.84,0.008255420066169153
-6.83,0.031368151537282896
-6.82,0.05449781497188719
-6.81,0.07760803080659984
-6.8,0.10066235732312295
-6.79,0.1236243302973256
-6.78,0.1464575351532665
-6.77,0.16912565341731145
-6.76,0.19159252836532736
-6.75,0.21382221572085214
-6.74,0.23577903864393246
-6.73,0.25742765656170075
-6.72,0.2787331071452595
-6.71,0.2996608683588545
-6.7,0.3201769174785041
-6.69,0.34024777985910165
-6.68,0.3598405830787991
-6.67,0.3789231154707506
-6.66,0.39746386956040414
-6.65,0.4154321053898243
-6.64,0.43279788881692527
-6.63,0.44953214742042524
-6.62,0.4656067152699339
-6.61,0.48099438390501054
-6.6,0.49566894180690274
-6.59,0.5096052237123705
-6.58,0.52277914655578
-6.57,0.5351677586660337
-6.56,0.546749270508798
-6.55,0.5575030958878228
-6.54,0.5674098891675061
-6.53,0.5764515753023199
-6.52,0.5846113850936311
-6.51,0.5918738820347055
-6.5,0.5982249924881282
-6.49,0.603652030742608
-6.48,0.6081437224955273
-6.47,0.6116902277424998
-6.46,0.6142831580069885
-6.45,0.6159155960476869
-6.44,0.616582109170881
-6.43,0.6162787625136908
-6.42,0.6150031298370324
-6.41,0.6127543012797718
-6.4,0.6095328882168485
-6.39,0.6053410289290935
-6.38,0.6001823877592302
-6.37,0.5940621542910256
-6.36,0.5869870396400301
-6.35,0.578965270363585
-6.34,0.5700065799930656
-6.33,0.5601221992484327
-6.32,0.5493248409829332
-6.31,0.5376286842108107
-6.3,0.5250493610272244
-6.29,0.5116039279737485
-6.28,0.4973108536406677
-6.27,0.48218998477149727
-6.26,0.4662625262026483
-6.25,0.44955100744163834
-6.24,0.43207925276954795
-6.23,0.413872347861017
-6.22,0.3949566043461814
-6.21,0.37535952429217523
-6.2,0.35510975512935505
-6.19,0.3342370559351844
-6.18,0.31277224855771457
-6.17,0.29074717455822807
-6.16,0.26819465075375304
-6.15,0.2451484144620779
-6.14,0.22164308227316906
-6.13,0.1977140921676599
-6.12,0.17339765052817535
-6.11,0.1487306872764292
-6.1,0.12375078894853984
-6.09,0.0984961442116135
-6.08,0.07300549331917774
-6.07,0.04731805982853535
-6.06,0.021473503007681152
-6.05,-0.0044881547659343934
-6.04,-0.030526589341717383
-6.03,-0.05660121957265453
-6.02,-0.08267129422374789
-6.01,-0.10869593292404747
-6.,-0.13463420655441852
-5.99,-0.16044519104891625
-5.98,-0.18608803121013595
-5.97,-0.21152200935369575
-5.96,-0.2367066066819437
-5.95,-0.26160156467807827
-5.94,-0.28616695549509424
-5.93,-0.3103632381054412
-5.92,-0.3341513190438958
-5.91,-0.3574926277922512
-5.9,-0.3803491608980559
-5.89,-0.40268355594705985
-5.88,-0.4244591491779803
-5.87,-0.44564002867482894
-5.86,-0.4661910968138563
-5.85,-0.4860781309092152
-5.84,-0.5052678333778556
-5.83,-0.5237278867161426
-5.82,-0.5414270102464472
-5.81,-0.558335008662142
-5.8,-0.5744228268890168
-5.79,-0.5896625927759657
-5.78,-0.6040276697878837
-5.77,-0.6174926957607061
-5.76,-0.6300336338344621
-5.75,-0.6416278078766116
-5.74,-0.6522539454395528
-5.73,-0.661892213986023
-5.72,-0.6705242562112522
-5.71,-0.6781332226306671
-5.7,-0.6847038043628481
-5.69,-0.6902222589691089
-5.68,-0.6946764397837012
-5.67,-0.698055817676083
-5.66,-0.7003515030214897
-5.65,-0.7015562651041867
-5.64,-0.7016645483997805
-5.63,-0.7006724862555419
-5.62,-0.6985779123180077
-5.61,-0.6953803702968452
-5.6,-0.6910811183054973
-5.59,-0.6856831342073331
-5.58,-0.6791911144211432
-5.57,-0.6716114746328773
-5.56,-0.6629523444175603
-5.55,-0.6532235590564031
-5.54,-0.6424366492795774
-5.53,-0.630604832181823
-5.52,-0.6177429944069927
-5.51,-0.6038676715462159
-5.5,-0.588997034661052
-5.49,-0.5731508573275285
-5.48,-0.5563505022131796
-5.47,-0.5386188840320647
-5.46,-0.5199804420239296
-5.45,-0.5004611070745763
-5.44,-0.4800882684712239
-5.43,-0.4588907323982412
-5.42,-0.4368986837901361
-5.41,-0.4141436463771193
-5.4,-0.39065843166452247
-5.39,-0.36647710363222624
-5.38,-0.3416349164396437
-5.37,-0.3161682728909635
-5.36,-0.2901146747215283
-5.35,-0.2635126557862536
-5.34,-0.236401735678544
-5.33,-0.20882236476377009
-5.32,-0.18081585160560693
-5.31,-0.15242431233593176
-5.3,-0.12369060840371754
-5.29,-0.09465828015288147
-5.28,-0.06537147620249517
-5.27,-0.03587489549927553
-5.26,-0.006213722985596054
-5.25,0.02356644976818939
-5.24,0.05341969086892978
-5.23,0.08329978664602034
-5.22,0.11316032893169314
-5.21,0.14295477201056894
-5.2,0.1726365124383592
-5.19,0.2021589552161428
-5.18,0.23147559399838752
-5.17,0.26054006945922126
-5.16,0.2893062550480089
-5.15,0.31772832599352685
-5.14,0.34576082052964685
-5.13,0.37335872702107015
-5.12,0.4004775394019555
-5.11,0.4270733427710261
-5.1,0.4531028728742731
-5.09,0.47852358301804687
-5.08,0.5032937216354153
-5.07,0.5273723965438443
-5.06,0.5507196322447058
-5.05,0.5732964477445267
-5.04,0.5950649093023015
-5.03,0.6159881969296574
-5.02,0.6360306666899445
-5.01,0.6551579075632499
-5.,0.6733367971368568
-4.99,0.6905355618865856
-4.98,0.7067238230285657
-4.97,0.7218726558646357
-4.96,0.7359546349075683
-4.95,0.748943884934319
-4.94,0.7608161214149919
-4.93,0.7715486961431312
-4.92,0.7811206385053668
-4.91,0.7895126924556451
-4.9,0.796707351661324
-4.89,0.8026888938575325
-4.88,0.8074434102335911
-4.87,0.8109588340315339
-4.86,0.8132249649985754
-4.85,0.8142334920174849
-4.84,0.8139780124449593
-4.83,0.8124540482375247
-4.82,0.8096590608632206
-4.81,0.8055924609038047
-4.8,0.8002556161468519
-4.79,0.7936518573123642
-4.78,0.7857864795963525
-4.77,0.7766667394340752
-4.76,0.7663018539922426
-4.75,0.7547029939299222
-4.74,0.7418832681958833
-4.73,0.7278577153331329
-4.72,0.7126432895898964
-4.71,0.696258835969131
-4.7,0.6787250689708769
-4.69,0.6600645568731581
-4.68,0.6403016795300739
-4.67,0.6194626106457806
-4.66,0.5975752700023923
-4.65,0.5746693062013711
-4.64,0.5507760356787104
-4.63,0.5259284237277588
-4.62,0.5001610215289862
-4.61,0.4735099258693012
-4.6,0.446012729633261
-4.59,0.4177084754446102
-4.58,0.3886375876575271
-4.57,0.358841832273725
-4.56,0.3283642440560476
-4.55,0.2972490740127506
-4.54,0.2655417173198146
-4.53,0.23328866343382107
-4.52,0.20053741714412276
-4.51,0.1673364296126265
-4.5,0.133735031026594
-4.49,0.09978336188579362
-4.48,0.06553229638544619
-4.47,0.031033367551626057
-4.46,-0.003661315475294663
-4.45,-0.03849912827448049
-4.44,-0.07342702256745645
-4.43,-0.10839160877619125
-4.42,-0.14333921956797038
-4.41,-0.1782160037955079
-4.4,-0.2129680109968234
-4.39,-0.24754125681646774
-4.38,-0.2818818213856745
-4.37,-0.31593592185871067
-4.36,-0.3496499980493739
-4.35,-0.3829707978182154
-4.34,-0.415845452961141
-4.33,-0.4482215642600864
-4.32,-0.48004728582078726
-4.31,-0.5112713971814817
-4.3,-0.5418433979731296
-4.29,-0.5717135702283198
-4.28,-0.600833068413948
-4.27,-0.6291539965610522
-4.26,-0.6566294817507743
-4.25,-0.6832137444892763
-4.24,-0.7088621800281005
-4.23,-0.7335314300861984
-4.22,-0.7571794488330018
-4.21,-0.7797655760693039
-4.2,-0.8012505964201222
-4.19,-0.8215968196385172
-4.18,-0.840768124932424
-4.17,-0.8587300363958575
-4.16,-0.87544977579909
-4.15,-0.8908963151751375
-4.14,-0.9050404400837218
-4.13,-0.9178547926163455
-4.12,-0.9293139229689539
-4.11,-0.9393943347191713
-4.1,-0.9480745308734664
-4.09,-0.9553350492953423
-4.08,-0.9611585050221112
-4.07,-0.9655296210155204
-4.06,-0.9684352615881274
-4.05,-0.9698644599798109
-4.04,-0.9698084433590842
-4.03,-0.968260655445142
-4.02,-0.9652167741409099
-4.01,-0.9606747276561937
-4.,-0.9546347072716563
-3.99,-0.9470991737275861
-3.98,-0.938072864576944
-3.97,-0.9275627955332242
-3.96,-0.915578260411811
-3.95,-0.9021308222334445
-3.94,-0.8872343086173908
-3.93,-0.8709047988875245
-3.92,-0.8531606108631835
-3.91,-0.8340222766758165
-3.9,-0.8135125283655784
-3.89,-0.7916562644756207
-3.88,-0.7684805299599426
-3.87,-0.7440144751229808
-3.86,-0.7182893326024189
-3.85,-0.6913383610222972
-3.84,-0.6631968242951107
-3.83,-0.6339019249374778
-3.82,-0.6034927820030972
-3.81,-0.5720103475111291
-3.8,-0.5394973891177047
-3.79,-0.5059984024107996
-3.78,-0.47155956338977434
-3.77,-0.43622868029692713
-3.76,-0.40005509426195107
-3.75,-0.36308965354212247
-3.74,-0.3253846083920589
-3.73,-0.2869935563234486
-3.72,-0.24797136780339873
-3.71,-0.20837410198794287
-3.7,-0.16825893154423832
-3.69,-0.1276840657954214
-3.68,-0.0867086603248107
-3.67,-0.04539274041915403
-3.66,-0.003797103233298349
-3.65,0.03801675380040698
-3.64,0.07998672966952874
-3.63,0.12205021784066272
-3.62,0.16414417742457094
-3.61,0.20620524527265988
-3.6,0.2481698209104688
-3.59,0.2899741562471976
-3.58,0.33155445769819464
-3.57,0.3728469729825846
-3.56,0.4137880938498637
-3.55,0.45431444345694627
-3.54,0.4943629754127709
-3.53,0.5338710760097919
-3.52,0.5727766405221278
-3.51,0.6110181858964703
-3.5,0.6485349335952336
-3.49,0.6852669063512477
-3.48,0.7211550268229141
-3.47,0.7561411892336783
-3.46,0.7901683755377307
-3.45,0.8231807248935362
-3.44,0.8551236278024383
-3.43,0.88594380947097
-3.42,0.9155894275098434
-3.41,0.9440101279023675
-3.4,0.9711571569058692
-3.39,0.996983412178278
-3.38,1.0214435407266271
-3.37,1.0444939973386287
-3.36,1.0660931237319342
-3.35,1.0862012242096795
-3.34,1.1047806152906625
-3.33,1.1217957081355738
-3.32,1.137213057133943
-3.31,1.1510014243079678
-3.3,1.1631318338066523
-3.29,1.1735776214677405
-3.28,1.1823144863384005
-3.27,1.1893205371908877
-3.26,1.1945763318117728
-3.25,1.1980649182554228
-3.24,1.199771870048502
-3.23,1.199685317655192
-3.22,1.1977959761488648
-3.21,1.194097172861299
-3.2,1.1885848622026394
-3.19,1.181257651134427
-3.18,1.1721168059912752
-3.17,1.161166262336391
-3.16,1.1484126363468392
-3.15,1.1338652200702068
-3.14,1.117535981571505
-3.13,1.099439561069476
-3.12,1.0795932572113902
-3.11,1.0580170173722103
-3.1,1.0347334180979217
-3.09,1.0097676406910967
-3.08,0.9831474508354201
-3.07,0.9549031669480659
-3.06,0.9250676237998829
-3.05,0.8936761450080839
-3.04,0.8607664862351861
-3.03,0.8263788143134236
-3.02,0.7905556317480851
-3.01,0.7533417537516027
-3.,0.7147842235431313
-2.99,0.6749322803391375
-2.98,0.6338372822587787
-2.97,0.5915526449134676
-2.96,0.5481337730181661
-2.95,0.5036379888830838
-2.94,0.45812446707787235
-2.93,0.4116541296825499
-2.92,0.3642895976877338
-2.91,0.316095089835725
-2.9,0.26713635126057683
-2.89,0.2174805412964933
-2.88,0.16719616702270923
-2.87,0.11635297597820504
-2.86,0.0650218711545929
-2.85,0.01327480921953711
-2.84,-0.038815298251022645
-2.83,-0.09117469540716688
-2.82,-0.14372885376669786
-2.81,-0.1964026162454895
-2.8,-0.24912026647167929
-2.79,-0.3018056600672536
-2.78,-0.3543823113958713
-2.77,-0.40677351655077193
-2.76,-0.45890245679769437
-2.75,-0.510692312487055
-2.74,-0.5620663529876502
-2.73,-0.6129480709660008
-2.72,-0.663261282215799
-2.71,-0.7129302399012535
-2.7,-0.7618797211005559
-2.69,-0.810035172824483
-2.68,-0.857322788623995
-2.67,-0.903669643006558
-2.66,-0.949003776415527
-2.65,-0.9932543062154803
-2.64,-1.0363515435282427
-2.63,-1.078227080689709
-2.62,-1.1188139121960337
-2.61,-1.1580465092119165
-2.6,-1.1958609404165923
-2.59,-1.232194961001782
-2.58,-1.2669881101041862
-2.57,-1.3001817886628282
-2.56,-1.3317193732471677
-2.55,-1.3615462882492424
-2.54,-1.3896100894671355
-2.53,-1.4158605541100322
-2.52,-1.4402497609703837
-2.51,-1.4627321551899732
-2.5,-1.4832646365751458
-2.49,-1.501806616054449
-2.48,-1.5183200923136708
-2.47,-1.5327697122011175
-2.46,-1.5451228271448905
-2.45,-1.5553495541202578
-2.44,-1.5634228256290938
-2.43,-1.5693184384610597
-2.42,-1.573015098959728
-2.41,-1.5744944642685041
-2.4,-1.5737411780964092
-2.39,-1.570742903984226
-2.38,-1.565490354909704
-2.37,-1.5579773158185861
-2.36,-1.5482006642313297
-2.35,-1.5361603898059977
-2.34,-1.5218596016981634
-2.33,-1.5053045322442016
-2.32,-1.4865045502913425
-2.31,-1.4654721545791842
-2.3,-1.4422229617730635
-2.29,-1.4167757099126184
-2.28,-1.3891522264175338
-2.27,-1.3593774274623978
-2.26,-1.3274792785321157
-2.25,-1.2934887805938313
-2.24,-1.257439927343241
-2.23,-1.2193696722033027
-2.22,-1.17931788769965
-2.21,-1.1373273301651379
-2.2,-1.0934435728587633
-2.19,-1.047714966474017
-2.18,-1.0001925829768827
-2.17,-0.9509301446043362
-2.16,-0.8999839638098752
-2.15,-0.8474128861111664
-2.14,-0.7932781958363629
-2.13,-0.7376435627644378
-2.12,-0.6805749396569364
-2.11,-0.6221405093474492
-2.1,-0.5624105751300217
-2.09,-0.5014574645153069
-2.08,-0.4393554751073992
-2.07,-0.37618074167148463
-2.06,-0.3120111572622156
-2.05,-0.2469262594649676
-2.04,-0.18100714728341893
-2.03,-0.11433635560310584
-2.02,-0.04699776086870533
-2.01,0.020923535556897743
-2.,0.08934131928797462
-1.99,0.15816837658201444
-1.98,0.22731660266183895
-1.97,0.29669712542508486
-1.96,0.3662204166219226
-1.95,0.4357964250402956
-1.94,0.5053346759940989
-1.93,0.5747444269203495
-1.92,0.6439347409060033
-1.91,0.7128146434949092
-1.9,0.7812932382967693
-1.89,0.8492798230415587
-1.88,0.9166840255421429
-1.87,0.9834159128387787
-1.86,1.0493861073585127
-1.85,1.1145059341001486
-1.84,1.1786875100313379
-1.83,1.2418439011655136
-1.82,1.3038892104945654
-1.81,1.3647386912139206
-1.8,1.4243089032152292
-1.79,1.4825177874848496
-1.78,1.5392847965734806
-1.77,1.5945309956254556
-1.76,1.648179201309523
-1.75,1.7001540393116823
-1.74,1.7503820931967458
-1.73,1.7987919865918678
-1.72,1.8453144831178767
-1.71,1.8898825835572912
-1.7,1.9324316201115261
-1.69,1.9728993570860887
-1.68,2.011226060622748
-1.67,2.0473545937192332
-1.66,2.081230496109786
-1.65,2.112802056208213
-1.64,2.1420203918552465
-1.63,2.1688395128250186
-1.62,2.1932163921958563
-1.61,2.21511102037284
-1.6,2.234486472499257
-1.59,2.2513089536175537
-1.58,2.265547851415964
-1.57,2.2771757799702437
-1.56,2.286168620095594
-1.55,2.2925055551076072
-1.54,2.2961691016511963
-1.53,2.2971451360727047
-1.52,2.2954229196696274
-1.51,2.2909951095197103
-1.5,2.2838577775374977
-1.49,2.2740104112384842
-1.48,2.261455930494209
-1.47,2.246200663741028
-1.46,2.2282543609734615
-1.45,2.207630179277321
-1.44,2.1843446559421014
-1.43,2.1584177014311945
-1.42,2.129872558010599
-1.41,2.0987357903688304
-1.4,2.065037228692751
-1.39,2.0288099472979173
-1.38,1.99009021117454
-1.37,1.9489174265123046
-1.36,1.9053340929454483
-1.35,1.8593857464334258
-1.34,1.8111208841929303
-1.33,1.7605909172921257
-1.32,1.7078500873062796
-1.31,1.6529554133156377
-1.3,1.5959665695715337
-1.29,1.5369458622355336
-1.28,1.475958082411068
-1.27,1.4130704706943744
-1.26,1.3483525926447661
-1.25,1.2818762585122807
-1.24,1.2137153971076926
-1.23,1.143945996547989
-1.22,1.072645972694872
-1.21,0.9998950409019515
-1.2,0.9257746607224839
-1.19,0.8503678657715751
-1.18,0.7737591955036104
-1.17,0.696034538109217
-1.16,0.6172810501310992
-1.15,0.5375869840259819
-1.14,0.45704162591634945
-1.13,0.37573514075141246
-1.12,0.2937584356317433
-1.11,0.21120307557045015
-1.1,0.12816109213573457
-1.09,0.0447249307225881
-1.08,-0.03901270913748922
-1.07,-0.1229590237165632
-1.06,-0.2070211888699861
-1.05,-0.291106497639398
-1.04,-0.3751225195831521
-1.03,-0.45897717025533813
-1.02,-0.542578845493784
-1.01,-0.6258365875899451
-1.,-0.7086601379665585
-0.99,-0.7909600875894396
-0.98,-0.8726479800503368
-0.97,-0.9536364225828893
-0.96,-1.033839193445292
-0.95,-1.1131713342413168
-0.94,-1.19154925981687
-0.93,-1.2688908085250037
-0.92,-1.3451153963654723
-0.91,-1.420144034062569
-0.9,-1.4938994357342144
-0.89,-1.5663060661447332
-0.88,-1.6372902018883964
-0.87,-1.7067799735223264
-0.86,-1.77470543998733
-0.85,-1.8409985694071762
-0.84,-1.905593272156985
-0.83,-1.9684254412128719
-0.82,-2.029432868578455
-0.81,-2.0885553187192514
-0.8,-2.1457344161508023
-0.79,-2.2009136073299045
-0.78,-2.254038131914426
-0.77,-2.3050548592184135
-0.76,-2.3539122468789735
-0.75,-2.4005601343995147
-0.74,-2.4449496337651424
-0.73,-2.487032926712046
-0.72,-2.5267630155678242
-0.71,-2.5640935051819542
-0.7,-2.5989783133048285
-0.69,-2.6313713090969366
-0.68,-2.6612259895397976
-0.67,-2.688495058786335
-0.66,-2.7131299436291254
-0.65,-2.735080308775845
-0.64,-2.754293482544881
-0.63,-2.7707138317122384
-0.62,-2.7842820643252795
-0.61,-2.7949344893551236
-0.6,-2.8026021538392056
-0.59,-2.807209969510889
-0.58,-2.8086756913843205
-0.57,-2.806908843705647
-0.56,-2.8018095906457736
-0.55,-2.7932674297992346
-0.54,-2.7811598312116868
-0.53,-2.76535085047456
-0.52,-2.745689495949719
-0.51,-2.7220081221656813
-0.5,-2.6941206977926346
-0.49,-2.661820959753081
-0.48,-2.624880518767866
-0.47,-2.5830468935770154
-0.46,-2.5360414905654958
-0.45,-2.4835576182986303
-0.44,-2.4252584300630087
-0.43,-2.3607749690530473
-0.42,-2.289704328513187
-0.41,-2.2116079238073167
-0.4,-2.1260100291988984
-0.39,-2.032396660042469
-0.38,-1.9302147712130218
-0.37,-1.8188720910484497
-0.36,-1.697737541092965
-0.35,-1.5661425369175814
-0.34,-1.423383137518472
-0.33,-1.2687234868697865
-0.32,-1.101400444790833
-0.31,-0.9206299360424057
-0.3,-0.7256147688662136
-0.29,-0.5155547552470816
-0.28,-0.2896585834093246
-0.27,-0.047158219360314835
-0.26,0.2126743307647887
-0.25,0.4905077953362911
-0.24,0.7869299631568034
-0.23,1.1024236081365797
-0.22,1.4373401876422909
-0.21,1.791871921371154
-0.2,2.1660223208465856
-0.19,2.5595763238740497
-0.18,2.9720704606814463
-0.17,3.402764501440196
-0.16,3.8506154692396537
-0.15,4.31425532103186
-0.14,4.791974040737376
-0.13,5.281709377880621
-0.12,5.781044726546618
-0.11,6.287216061994959
-0.1,6.7971300723271115
-0.09,7.3073926792035016
-0.08,7.8143495946924535
-0.07,8.314138072283724
-0.06,8.802748905689931
-0.05,9.276098020839143
-0.04,9.730105029150378
-0.03,10.160776500557681
-0.02,10.56429121062777
-0.01,10.937084050016482
0.,11.275925476846375
0.01,11.577992971159908
0.02,11.840932371044095
0.03,12.062905882655201
0.04,12.242625368388092
0.05,12.379369969861795
0.06,12.472987425880335
0.07,12.523879938933275
0.08,12.532975290486968
0.09,12.5016854079352
0.1,12.431854624683318
0.11,12.325699640318453
0.12,12.185744716817979
0.13,12.01475371676224
0.14,11.815662738836837
0.15,11.591514208166878
0.16,11.345395579700066
0.17,11.080383069639382
0.18,10.799492175121049
0.19,10.505635343277731
0.2,10.201587044139778
0.21,9.889956405010667
0.22,9.573166843962598
0.23,9.253442429063814
0.24,8.93280018179612
0.25,8.613047572219958
0.26,8.295784483702011
0.27,7.9824088363569725
0.28,7.674125086857808
0.29,7.371954947315676
0.3,7.0767495985107045
0.31,6.789203004456446
0.32,6.509865645575169
0.33,6.239158456112029
0.34,5.9773865286897845
0.35,5.724752378702671
0.36,5.481368595538685
0.37,5.24726971630979
0.38,5.022423249028181
0.39,4.8067398017705685
0.4,4.600082296890793
0.41,4.402274275353207
0.42,4.213107318894512
0.43,4.0323476344906615
0.44,3.859741842578142
0.45,3.6950220343989644
0.46,3.5379101500260686
0.47,3.3881217389925835
0.48,3.2453691630715347
0.49,3.1093643083448095
0.5,2.979820834260713
0.51,2.856456050744664
0.52,2.738992433752639
0.53,2.6271588465045466
0.54,2.520691493720323
0.55,2.419334663035556
0.56,2.3228412487056067
0.57,2.2309731366904892
0.58,2.143501435626785
0.59,2.0602065866365367
0.6,1.980878397900496
0.61,1.905315967315149
0.62,1.8333275679475858
0.63,1.7647304691976422
0.64,1.6993507105739778
0.65,1.637022857700743
0.66,1.577589724352015
0.67,1.520902073491436
0.68,1.4668183267345976
0.69,1.415204237450051
0.7,1.3659325926335046
0.71,1.3188828878340093
0.72,1.273941020906404
0.73,1.2309989870479057
0.74,1.1899545825506141
0.75,1.1507111093464726
0.76,1.1131770980358187
0.77,1.0772660369572251
0.78,1.0428961063648736
0.79,1.00998993736192
0.8,0.9784743606065354
0.81,0.9482801851232496
0.82,0.9193419773896054
0.83,0.8915978577026746
0.84,0.8649892954330467
0.85,0.8394609275538727
0.86,0.8149603833552832
0.87,0.7914381062623547
0.88,0.7688472065469049
0.89,0.7471433011187667
0.9,0.7262843813351066
0.91,0.7062306679486439
0.92,0.6869444942267671
0.93,0.6683901802373988
0.94,0.6505339240374779
0.95,0.6333436923379959
0.96,0.6167891228529316
0.97,0.6008414296620814
0.98,0.5854733141052648
0.99,0.5706588808983473
1.,0.5563735616250327
1.01,0.542594035402347
1.02,0.5292981674414006
1.03,0.5164649334157544
1.04,0.5040743681433738
1.05,0.49210749771088147
1.06,0.4805462925899233
1.07,0.46937361010719003
1.08,0.4585731480224252
1.09,0.44812940180605143
1.1,0.43802761701392634
1.11,0.4282537497198382
1.12,0.41879443224087287
1.13,0.409636929796411
1.14,0.4007691145803351
1.15,0.39217942855631954
1.16,0.38385685330316477
1.17,0.37579088625075774
1.18,0.3679715071103723
1.19,0.3603891590887459
1.2,0.3530347211720512
1.21,0.3458994856086603
1.22,0.33897513925054606
1.23,0.3322537399146742
1.24,0.32572770254778727
1.25,0.3193897744649873
1.26,0.31323302598020275
1.27,0.30725082772530904
1.28,0.3014368412451968
1.29,0.295784999067176
1.3,0.2902894975057091
1.31,0.2849447783611304
1.32,0.2797455192068613
1.33,0.2746866241282529
1.34,0.2697632091215676
1.35,0.264970592655257
1.36,0.2603042881121679
1.37,0.25575999449403874
1.38,0.2513335835324935
1.39,0.24702109700472907
1.4,0.24281873607753635
1.41,0.2387228525949786
1.42,0.23472994600811165
1.43,0.23083665335963066
1.44,0.227039743011795
1.45,0.22333611240123508
1.46,0.21972277665412843
1.47,0.2161968681643176
1.48,0.21275562833633438
1.49,0.2093964045135748
1.5,0.20611664469712365
1.51,0.20291389254378756
1.52,0.19978578375289982
1.53,0.1967300426142335
1.54,0.193744477064498
1.55,0.19082697563897405
1.56,0.18797550455518014
1.57,0.18518810386731482
1.58,0.182462883299351
1.59,0.1797980224185977
1.6,0.177191763608058
1.61,0.17464241350443824
1.62,0.17214833633621004
1.63,0.16970795648380294
1.64,0.16731975016135878
1.65,0.1649822481371238
1.66,0.16269403160119805
1.67,0.16045372967038507
1.68,0.1582600188592678
1.69,0.156111620266021
1.7,0.1540072969093476
1.71,0.15194585475903155
1.72,0.1499261379491853
1.73,0.1479470303526959
1.74,0.1460074510097585
1.75,0.14410635533972585
1.76,0.14224273204912213
1.77,0.1404156026997656
1.78,0.13862402004748556
1.79,0.13686706767611925
1.8,0.13514385722795388
1.81,0.13345352974590924
1.82,0.13179525142680634
1.83,0.1301682162034198
1.84,0.12857164201553856
1.85,0.1270047714617974
1.86,0.12546686976986499
1.87,0.12395722472736072
1.88,0.12247514623196641
1.89,0.12101996440369439
1.9,0.1195910295903425
1.91,0.11818771235577111
1.92,0.11680940029813155
1.93,0.11545550025467306
1.94,0.1141254365795743
1.95,0.11281864951454999
1.96,0.11153459667109787
1.97,0.11027275008596606
1.98,0.10903259805196107
1.99,0.10781364259138194
2.,0.1066154006175534
2.01,0.10543740246282288
2.02,0.10427919143227637
2.03,0.10314032368715932
2.04,0.10202036812581981
2.05,0.10091890473053955
2.06,0.0998355260371678
2.07,0.09876983460532514
2.08,0.09772144538717849
2.09,0.09668998206081443
2.1,0.0956750796928597
2.11,0.09467638233131659
2.12,0.09369354416170612
2.13,0.09272622832484236
2.14,0.09177410663725144
2.15,0.09083685959949733
2.16,0.0899141763983634
2.17,0.08900575408558997
2.18,0.08811129733739376
2.19,0.08723051875744009
2.2,0.08636313836314752
2.21,0.08550888283314799
2.22,0.08466748635237027
2.23,0.08383868960259257
2.24,0.08302223956988106
2.25,0.0822178898646416
2.26,0.08142540001770271
2.27,0.08064453555593559
2.28,0.07987506831649512
2.29,0.07911677454490511
2.3,0.07836943720188097
2.31,0.07763284359138346
2.32,0.07690678691115253
2.33,0.07619106489370413
2.34,0.07548548014910965
2.35,0.07478983979335281
2.36,0.0741039560106308
2.37,0.07342764522008294
2.38,0.07276072795899034
2.39,0.07210302921656439
2.4,0.07145437808391744
2.41,0.07081460719998697
2.42,0.0701835535300102
2.43,0.06956105759136673
2.44,0.06894696335856038
2.45,0.06834111902032208
2.46,0.06774337538139875
2.47,0.06715358705587819
2.48,0.06657161194366999
2.49,0.06599731073102726
2.5,0.06543054804314925
2.51,0.0648711905093671
2.52,0.06431910832646522
2.53,0.06377417416192804
2.54,0.06323626407953019
2.55,0.06270525607312179
2.56,0.06218103138434546
2.57,0.06166347344781026
2.58,0.0611524682210416
2.59,0.06064790449773364
2.6,0.06014967307804873
2.61,0.05965766709491875
2.62,0.05917178195433696
2.63,0.0586919154608594
2.64,0.058217967390214405
2.65,0.05774983944195295
2.66,0.057287435910265125
2.67,0.05683066218909947
2.68,0.05637942669770845
2.69,0.055933638689888876
2.7,0.0554932101589207
2.71,0.05505805420626613
2.72,0.05462808605045559
2.73,0.05420322263100498
2.74,0.053783382229284776
2.75,0.05336848544439564
2.76,0.052958453633541736
2.77,0.052553210058641275
2.78,0.052152679999964126
2.79,0.051756789239620314
2.8,0.051365465835922816
2.81,0.05097863877848038
2.82,0.0505962386079899
2.83,0.05021819737770367
2.84,0.049844448146157565
2.85,0.049474925268653665
2.86,0.049109564675817764
2.87,0.04874830337342872
2.88,0.048391079267389954
2.89,0.04803783205336208
2.9,0.04768850181806719
2.91,0.0473430303803556
2.92,0.047001360209034615
2.93,0.0466634354417784
2.94,0.04632920052758056
2.95,0.04599860138743388
2.96,0.04567158494451875
2.97,0.04534809881618861
2.98,0.04502809201129186
2.99,0.04471151390802538
3.,0.044398315232043066
3.01,0.04408844760485001
3.02,0.043781863110149956
3.03,0.04347851524831929
3.04,0.04317835794591096
3.05,0.042881346092295464
3.06,0.042587435248586394
3.07,0.042296582168534935
3.08,0.042008743840382
3.09,0.04172387827815462
3.1,0.0414419443659139
3.11,0.04116290131803867
3.12,0.04088670932223374
3.13,0.040613329387764185
3.14,0.040342722817141595
3.15,0.040074851837294645
3.16,0.03980967932586318
3.17,0.03954716867276227
3.18,0.03928728389515974
3.19,0.03902998987119994
3.2,0.0387752517067782
3.21,0.0385230354656505
3.22,0.03827330729882491
3.23,0.03802603441003722
3.24,0.037781184312203016
3.25,0.03753872506130153
3.26,0.037298625245442495
3.27,0.03706085409140637
3.28,0.03682538110110398
3.29,0.03659217662750986
3.3,0.03636121104858453
3.31,0.03613245568655888
3.32,0.03590588198883838
3.33,0.03568146198103997
3.34,0.03545916814217074
3.35,0.035238973507319256
3.36,0.03502085132300457
3.37,0.034804775376095394
3.38,0.034590719982146
3.39,0.03437865964741831
3.4,0.03416856939222462
3.41,0.033960424524782304
3.42,0.03375420106454552
3.43,0.03354987498125823
3.44,0.03334742283436845
3.45,0.03314682165457405
3.46,0.03294804851622938
3.47,0.03275108126635711
3.48,0.03255589757719357
3.49,0.03236247598062639
3.5,0.03217079503099611
3.51,0.03198083361205679
3.52,0.03179257113244689
3.53,0.03160598701288765
3.54,0.03142106118723518
3.55,0.031237773991932956
3.56,0.03105610576371626
3.57,0.030876037430182978
3.58,0.03069754991187489
3.59,0.030520624609448814
3.6,0.030345243200500176
3.61,0.030171387538882165
3.62,0.029999039938029774
3.63,0.029828182593014264
3.64,0.02965879833932397
3.65,0.02949087007619746
3.66,0.02932438095351164
3.67,0.029159314459883262
3.68,0.028995654323747212
3.69,0.028833384326139282
3.7,0.028672488665634297
3.71,0.028512951768216964
3.72,0.028354758103325335
3.73,0.028197892542947744
3.74,0.0280423401748187
3.75,0.027888086121631905
3.76,0.027735115894428848
3.77,0.027583415121449344
3.78,0.02743296963410689
3.79,0.027283765550160332
3.8,0.02713578909565191
3.81,0.02698902668963453
3.82,0.02684346494091007
3.83,0.026699090729627267
3.84,0.026555890948859896
3.85,0.026413852757734
3.86,0.026272963659614068
3.87,0.026133211079681185
3.88,0.02599458261638638
3.89,0.025857066285005444
3.9,0.025720650099804194
3.91,0.025585322156926455
3.92,0.025451070795557935
3.93,0.0253178845931658
3.94,0.02518575220078381
3.95,0.025054662342583238
3.96,0.024924604053054612
3.97,0.02479556643408246
3.98,0.02466753865460912
3.99,0.02454051026226482
4.,0.0244144706319127
4.01,0.02428940951174616
4.02,0.02416531670790882
4.03,0.024042182084296534
4.04,0.023919995790456033
4.05,0.02379874802868366
4.06,0.023678429053901977
4.07,0.023559029398211227
4.08,0.023440539567063483
4.09,0.023322950263507905
4.1,0.023206252384413983
4.11,0.023090436796531378
4.12,0.022975494557463037
4.13,0.022861416766653125
4.14,0.02274819485473283
4.15,0.022635820072591673
4.16,0.02252428399814257
4.17,0.022413578101699787
4.18,0.022303694246055383
4.19,0.022194624183842687
4.2,0.022086359842091802
4.21,0.0219788932490459
4.22,0.021872216463068035
4.23,0.021766321711264885
4.24,0.021661201317427246
4.25,0.021556847700578526
4.26,0.02145325330531216
4.27,0.021350410805749474
4.28,0.021248312830558568
4.29,0.021146952166632815
4.3,0.02104632162225
4.31,0.02094641422724272
4.32,0.020847222896964328
4.33,0.02074874089776741
4.34,0.020650961313959187
4.35,0.02055387751049641
4.36,0.020457482736665897
4.37,0.02036177051815712
4.38,0.020266734328952502
4.39,0.02017236784992128
4.4,0.02007866464529707
4.41,0.019985618483963467
4.42,0.01989322327210986
4.43,0.019801472798697456
4.44,0.019710361115062296
4.45,0.01961988215497294
4.46,0.019530030172923197
4.47,0.019440799242552525
4.48,0.01935218356923025
4.49,0.019264177610264985
4.5,0.019176775581591886
4.51,0.019089972071253132
4.52,0.019003761426839422
4.53,0.018918138363457924
4.54,0.018833097476577673
4.55,0.018748633424215608
4.56,0.01866474092606445
4.57,0.01858141488090647
4.58,0.018498650186524104
4.59,0.01841644162298437
4.6,0.018334784322551433
4.61,0.018253673297646784
4.62,0.018173103617465425
4.63,0.018093070464783284
4.64,0.018013569019262137
4.65,0.017934594572131805
4.66,0.01785614246736916
4.67,0.017778208044397566
4.68,0.017700786694954215
4.69,0.017623873918479412
4.7,0.017547465264353423
4.71,0.017471556331226733
4.72,0.01739614260024046
4.73,0.01732121987903181
4.74,0.01724678385594566
4.75,0.01717283026695301
4.76,0.017099354949448232
4.77,0.01702635373206764
4.78,0.01695382248921075
4.79,0.016881757247915262
4.8,0.016810153917424922
4.81,0.016739008611740724
4.82,0.016668317327289534
4.83,0.016598076209924616
4.84,0.01652828144690015
4.85,0.016458929161540816
4.86,0.016390015675789966
4.87,0.01632153729855723
4.88,0.016253490222812954
4.89,0.01618587088900743
4.9,0.016118675723685798
4.91,0.016051901088969617
4.92,0.0159855434877512
4.93,0.01591959945973105
4.94,0.015854065530475678
4.95,0.0157889383125254
4.96,0.015724214353714884
4.97,0.015659890388054026
4.98,0.01559596303429255
4.99,0.015532429095237086
5.,0.015469285209532205
5.01,0.015406528296702325
5.02,0.01534415516091943
5.03,0.01528216259088639
5.04,0.01522054750578078
5.05,0.015159306808091482
5.06,0.015098437528409496
5.07,0.015037936583712002
5.08,0.014977800970613568
5.09,0.014918027811515727
5.1,0.014858614115794219
5.11,0.014799557017867919
5.12,0.014740853634149146
5.13,0.014682501157115113
5.14,0.014624496714335234
5.15,0.014566837601864006
5.16,0.014509521050156222
5.17,0.014452544317590861
5.18,0.014395904690131925
5.19,0.014339599526651424
5.2,0.014283626166751042
5.21,0.014227981976634977
5.22,0.014172664393915731
5.23,0.014117670881472078
5.24,0.014062998792816674
5.25,0.0140086457312263
5.26,0.013954609145230593
5.27,0.01390088655306857
5.28,0.013847475541534175
5.29,0.013794373676996576
5.3,0.013741578593471759
5.31,0.013689087860743843
5.32,0.013636899202861326
5.33,0.013585010235841282
5.34,0.013533418685337851
5.35,0.013482122255948045
5.36,0.013431118674535116
5.37,0.013380405732572674
5.38,0.013329981200197938
5.39,0.01327984286904997
5.4,0.013229988552020016
5.41,0.013180416166940536
5.42,0.01313112352571925
5.43,0.013082108503076645
5.44,0.013033369035524624
5.45,0.012984903037671419
5.46,0.01293670848515055
5.47,0.012888783290513595
5.48,0.012841125468081239
5.49,0.012793733050731735
5.5,0.012746603967932353
5.51,0.012699736371267206
5.52,0.012653128267900273
5.53,0.012606777724047509
5.54,0.01256068282403348
5.55,0.012514841749783482
5.56,0.012469252540952377
5.57,0.012423913414098039
5.58,0.012378822523107383
5.59,0.012333977999718755
5.6,0.012289378110561057
5.61,0.012245021059894322
5.62,0.012200905029692297
5.63,0.012157028296282516
5.64,0.012113389113058981
5.65,0.012069985749432908
5.66,0.012026816567243165
5.67,0.011983879790272805
5.68,0.011941173810978738
5.69,0.011898696922402153
5.7,0.011856447508788526
5.71,0.01181442389360766
5.72,0.011772624528147984
5.73,0.01173104780260406
5.74,0.011689692084468233
5.75,0.011648555830294036
5.76,0.011607637473355284
5.77,0.01156693546097641
5.78,0.011526448291080092
5.79,0.011486174438253652
5.8,0.011446112390689538
5.81,0.011406260650039286
5.82,0.011366617767459477
5.83,0.011327182270711863
5.84,0.01128795266465428
5.85,0.011248927574984219
5.86,0.011210105532090626
5.87,0.011171485150619387
5.88,0.011133064986324721
5.89,0.011094843678458184
5.9,0.011056819878013971
5.91,0.01101899217744134
5.92,0.010981359251572863
5.93,0.010943919751769601
5.94,0.010906672341120954
5.95,0.010869615694321932
5.96,0.01083274853204072
5.97,0.010796069517098448
5.98,0.010759577392542512
5.99,0.0107232709120868
6.,0.0106871487379273
6.01,0.01065120967972433
6.02,0.010615452489420767
6.03,0.010579875929641937
6.04,0.010544478773585627
6.05,0.010509259804913393
6.06,0.010474217817642975
6.07,0.01043935164927738
6.08,0.010404660113898076
6.09,0.010370142035631467
6.1,0.010335796281451542
6.11,0.01030162162934965
6.12,0.01026761703136732
6.13,0.010233781284992013
6.14,0.010200113263066097
6.15,0.010166611944977477
6.16,0.010133276124635365
6.17,0.010100104767254616
6.18,0.010067096750228662
6.19,0.010034251056281003
6.2,0.010001566548929126
6.21,0.009969042196629755
6.22,0.009936676976234056
6.23,0.009904469841374724
6.24,0.009872419722895069
6.25,0.009840525623250222
6.26,0.009808786521730398
6.27,0.009777201406009784
6.28,0.00974576930308783
6.29,0.009714489185935428
6.3,0.009683360066886665
6.31,0.009652381027786663
6.32,0.009621551065788781
6.33,0.009590869216874439
6.34,0.009560334524851291
6.35,0.009529946041276783
6.36,0.009499702885861933
6.37,0.009469604064574599
6.38,0.009439648681822434
6.39,0.009409835819132212
6.4,0.009380164565413702
6.41,0.009350634046652716
6.42,0.009321243366030452
6.43,0.00929199160432449
6.44,0.009262877908757692
6.45,0.009233901403825
6.46,0.009205061220990293
6.47,0.009176356527828443
6.48,0.009147786440150778
6.49,0.009119350138958815
6.5,0.009091046753725896
6.51,0.009062875478623694
6.52,0.009034835514045643
6.53,0.009006925980542986
6.54,0.008979146120155898
6.55,0.008951495095137861
6.56,0.008923972131240356
6.57,0.008896576431825301
6.58,0.008869307178244714
6.59,0.0088421636427881
6.6,0.008815145018985737
6.61,0.008788250534731206
6.62,0.008761479423908087
6.63,0.008734830954135065
6.64,0.008708304343138379
6.65,0.008681898897704187
6.66,0.008655613819524377
6.67,0.008629448426539264
6.68,0.008603401932160424
6.69,0.008577473692572866
6.7,0.008551662905231343
6.71,0.008525968909763778
6.72,0.008500390996495948
6.73,0.008474928434192874
6.74,0.008449580577979303
6.75,0.00842434670721379
6.76,0.00839922613357268
6.77,0.008374218173948376
6.78,0.008349322176973739
6.79,0.008324537443101455
6.8,0.008299863331004216
6.81,0.008275299177734544
6.82,0.00825084432533037
6.83,0.00822649809458985
6.84,0.008202259889824554
6.85,0.008178129067528123
6.86,0.008154104937105423
6.87,0.008130186942703439
6.88,0.008106374377494958
6.89,0.008082666694572669
6.9,0.008059063248176597
6.91,0.008035563397446654
6.92,0.008012166582868421
6.93,0.007988872147158002
6.94,0.007965679564843871
6.95,0.007942588162356315
6.96,0.007919597397414234
6.97,0.007896706681251725
6.98,0.007873915404368602
6.99,0.007851223036788214
7.,0.007828628952555336
7.01,0.007806132605018071
7.02,0.007783733451408267
7.03,0.007761430903413569
7.04,0.007739224401731579
7.05,0.007717113415678376
7.06,0.007695097369344924
7.07,0.007673175739927127
7.08,0.007651347983953463
7.09,0.007629613561876921
7.1,0.007607971938040948
7.11,0.007586422580645624
7.12,0.007564964961714365
7.13,0.007543598557060786
7.14,0.007522322870190761
7.15,0.007501137360330582
7.16,0.00748004153827026
7.17,0.007459034894460157
7.18,0.007438116922982141
7.19,0.007417287097918627
7.2,0.007396544944253554
7.21,0.007375889990244834
7.22,0.007355321720592321
7.23,0.007334839623737718
7.24,0.007314443284919891
7.25,0.007294132175983123
7.26,0.007273905818967227
7.27,0.007253763762352684
7.28,0.007233705534683491
7.29,0.007213730644860072
7.3,0.007193838673977952
7.31,0.0071740291145807045
7.32,0.0071543015539861626
7.33,0.00713465551411078
7.34,0.007115090542928789
7.35,0.0070956061915582805
7.36,0.007076202036747157
7.37,0.007056877635637721
7.38,0.007037632526050262
7.39,0.007018466293747543
7.4,0.006999378504996455
7.41,0.006980368706848558
7.42,0.006961436516002342
7.43,0.006942581463271052
7.44,0.0069238031709712745
7.45,0.006905101197934587
7.46,0.0068864751280084974
7.47,0.006867924569734689
7.48,0.006849449090663335
7.49,0.006831048304841299
7.5,0.006812721785513865
7.51,0.006794469173756077
7.52,0.0067762900051305695
7.53,0.00675818394759388
7.54,0.006740150585334971
7.55,0.0067221895268230044
7.56,0.006704300383171723
7.57,0.006686482768117963
7.58,0.006668736298000393
7.59,0.006651060612895089
7.6,0.006633455313012384
7.61,0.006615920043416014
7.62,0.006598454430476741
7.63,0.006581058082131559
7.64,0.006563730629896308
7.65,0.006546471749391599
7.66,0.006529281035164651
7.67,0.006512158167476353
7.68,0.006495102745914601
7.69,0.006478114455304825
7.7,0.006461192900197122
7.71,0.006444337769907125
7.72,0.006427548714758223
7.73,0.0064108253669912085
7.74,0.006394167381686778
7.75,0.006377574436480747
7.76,0.006361046170586541
7.77,0.006344582266022521
7.78,0.006328182386687617
7.79,0.006311846198681511
7.8,0.0062955733502640466
7.81,0.006279363551982755
7.82,0.0062632164364409505
7.83,0.006247131718261066
7.84,0.006231109054318133
7.85,0.006215148123557874
7.86,0.006199248607008771
7.87,0.006183410207431427
7.88,0.006167632590204913
7.89,0.006151915462074831
7.9,0.006136258512090385
7.91,0.006120661411839273
7.92,0.006105123854511974
7.93,0.00608964557400451
7.94,0.0060742262285061015
7.95,0.006058865536347527
7.96,0.006043563198371309
7.97,0.006028318936504213
7.98,0.006013132417009169
7.99,0.005998003365643555
8.,0.0059829315098407195
8.01,0.005967916540740143
8.02,0.005952958170444872
8.03,0.005938056131768162
8.04,0.005923210121474389
8.05,0.005908419875894562
8.06,0.005893685095473001
8.07,0.005879005520004398
8.08,0.005864380872206628
8.09,0.005849810876543486
8.1,0.005835295240655644
8.11,0.00582083371110738
8.12,0.0058064260175210046
8.13,0.005792071909630723
8.14,0.005777771083551917
8.15,0.005763523292413939
8.16,0.005749328290819979
8.17,0.00573518579836284
8.18,0.005721095554638918
8.19,0.005707057300863492
8.2,0.005693070797961165
8.21,0.0056791357902155355
8.22,0.005665251987466521
8.23,0.005651419191327442
8.24,0.005637637114813988
8.25,0.005623905526487834
8.26,0.00561022417843418
8.27,0.005596592806469203
8.28,0.0055830111836002415
8.29,0.005569479084164571
8.3,0.005555996230823276
8.31,0.005542562400930514
8.32,0.005529177355559206
8.33,0.005515840874779449
8.34,0.005502552687455277
8.35,0.005489312594039508
8.36,0.00547612034384256
8.37,0.005462975722498738
8.38,0.005449878482227707
8.39,0.005436828394098844
8.4,0.005423825247812189
8.41,0.00541086879987312
8.42,0.005397958842642487
8.43,0.005385095152552773
8.44,0.005372277507383969
8.45,0.00535950566921457
8.46,0.005346779435610701
8.47,0.005334098571377919
8.48,0.005321462893545731
8.49,0.005308872169487699
8.5,0.0052963261848661914
8.51,0.005283824709826445
8.52,0.005271367566219079
8.53,0.005258954526683679
8.54,0.005246585398630485
8.55,0.005234259940637006
8.56,0.005221977979233945
8.57,0.0052097392921802545
8.58,0.005197543691655256
8.59,0.005185390957924152
8.6,0.005173280889053801
8.61,0.0051612133007105055
8.62,0.005149187993222135
8.63,0.005137204751762038
8.64,0.005125263395408948
8.65,0.005113363711739244
8.66,0.005101505538282649
8.67,0.005089688648693054
8.68,0.005077912866485779
8.69,0.005066178000048684
8.7,0.005054483858888929
8.71,0.005042830253625125
8.72,0.005031216995979537
8.73,0.00501964389877037
8.74,0.005008110775904073
8.75,0.0049966174582504
8.76,0.004985163730067759
8.77,0.0049737494402110295
8.78,0.0049623743909820005
8.79,0.004951038417353315
8.8,0.004939741323794379
8.81,0.004928482931620686
8.82,0.004917263078806572
8.83,0.0049060815730176035
8.84,0.004894938254194259
8.85,0.004883832947620168
8.86,0.004872765464092668
8.87,0.004861735646450098
8.88,0.004850743307542332
8.89,0.004839788292105775
8.9,0.0048288704457113436
8.91,0.0048179895688188
8.92,0.004807145493683833
8.93,0.00479633808400475
8.94,0.004785567158522338
8.95,0.004774832552232301
8.96,0.004764134101065446
8.97,0.0047534716418813
8.98,0.004742845012461822
8.99,0.004732254051505089
9.,0.004721698598619127
9.01,0.004711178509288735
9.02,0.004700693609883475
9.03,0.004690243742704638
9.04,0.004679828765812217
9.05,0.004669448508333298
9.06,0.0046591028300153586
9.07,0.00464879156179368
9.08,0.0046385145503386105
9.09,0.004628271672594321
9.1,0.004618062732713468
9.11,0.004607887623947191
9.12,0.004597746166939243
9.13,0.0045876382125844975
9.14,0.004577563641700245
9.15,0.0045675222776089255
9.16,0.0045575139881564196
9.17,0.004547538627421217
9.18,0.004537596050288438
9.19,0.004527686112444443
9.2,0.004517808656014642
9.21,0.004507963567017157
9.22,0.004498150689122032
9.23,0.004488369881167881
9.24,0.0044786210027684065
9.25,0.0044689039143072816
9.26,0.0044592184769330625
9.27,0.004449564552554155
9.28,0.004439942017942634
9.29,0.004430350722341738
9.3,0.004420790529909878
9.31,0.004411261319563023
9.32,0.004401762942856983
9.33,0.004392295280113241
9.34,0.004382858184404826
9.35,0.004373451523543093
9.36,0.00436407517992274
9.37,0.004354729008856266
9.38,0.0043454128940976985
9.39,0.004336126706206971
9.4,0.0043268703026938336
9.41,0.004317643569317764
9.42,0.004308446378719943
9.43,0.004299278604226395
9.44,0.004290140106212058
9.45,0.004281030773049051
9.46,0.004271950480091336
9.47,0.004262899103360219
9.48,0.004253876506024068
9.49,0.004244882592486798
9.5,0.004235917227201402
9.51,0.004226980275385712
9.52,0.004218071643223183
9.53,0.004209191197191465
9.54,0.004200338817864992
9.55,0.004191514386452113
9.56,0.004182717784791042
9.57,0.004173948895345831
9.58,0.004165207614435953
9.59,0.004156493812476157
9.6,0.004147807373784518
9.61,0.004139148183289189
9.62,0.00413051613964762
9.63,0.004121911115818688
9.64,0.004113333011606313
9.65,0.00410478170121809
9.66,0.004096257072575686
9.67,0.004087759027174972
9.68,0.004079287454027586
9.69,0.004070842229792656
9.7,0.0040624232447195145
9.71,0.0040540304153890445
9.72,0.004045663607326891
9.73,0.004037322712490191
9.74,0.004029007636197758
9.75,0.0040207182714479565
9.76,0.004012454511794624
9.77,0.004004216251343586
9.78,0.003996003372054661
9.79,0.00398781578187415
9.8,0.003979653376543114
9.81,0.0039715160523410425
9.82,0.003963403706082455
9.83,0.003955316235113615
9.84,0.003947253537309242
9.85,0.003939215498555494
9.86,0.0039312020428271775
9.87,0.003923213057025491
9.88,0.003915248441106487
9.89,0.003907308095538549
9.9,0.0038993919212992555
9.91,0.003891499832233971
9.92,0.0038836317055807095
9.93,0.003875787468524501
9.94,0.0038679670116870497
9.95,0.0038601702508075353
9.96,0.0038523970653052183
9.97,0.0038446473841351196
9.98,0.0038369211121638738
9.99,0.0038292181304135677
10.,0.003821538369137025
